Mode,Nodes,Flows,Pps,Speed_mps,SimTime_s,PacketSize_B,Seed,Run,DataTxPkts,DataRxPkts,DataLostPkts,Throughput_bps,AvgDelay_ms,PDR,DropRatio,EnergyConsumed_J
wired,20,10,300,0,60,512,1,1,2432,2423,9,174456,3.75571,0.996299,0.00370066,0
wired,20,20,300,0,60,512,1,1,4722,3237,1275,233064,289.449,0.685515,0.270013,0
wired,20,30,300,0,60,512,1,1,6854,3247,3215,233784,399.858,0.473738,0.469069,0
wired,20,40,300,0,60,512,1,1,9322,3129,5757,225288,455.519,0.335658,0.617571,0
wired,20,50,300,0,60,512,1,1,11220,2892,7769,208224,494.763,0.257754,0.692424,0
