Mode,Nodes,Flows,Pps,Speed_mps,SimTime_s,PacketSize_B,Seed,Run,DataTxPkts,DataRxPkts,DataLostPkts,Throughput_bps,AvgDelay_ms,PDR,DropRatio,EnergyConsumed_J
wired,20,20,300,0,60,512,1,1,4722,3237,1275,233064,289.449,0.685515,0.270013,0
wired,40,20,300,0,60,512,1,1,4748,673,3753,48456,686.841,0.141744,0.790438,0
wired,60,20,300,0,60,512,1,1,3156,36,2834,2592,940.101,0.0114068,0.897972,0
wired,80,20,300,0,60,512,1,1,2205,24,2086,1728,590.313,0.0108844,0.946032,0
wired,100,20,300,0,60,512,1,1,2809,0,2243,0,0,0,0.798505,0
