Mode,Nodes,Flows,Pps,Speed_mps,SimTime_s,PacketSize_B,Seed,Run,DataTxPkts,DataRxPkts,DataLostPkts,Throughput_bps,AvgDelay_ms,PDR,DropRatio,EnergyConsumed_J
wired,12,10,1,0,60,512,1,1,509,439,57,31608,20.3167,0.862475,0.111984,0
wired,12,10,2,0,60,512,1,1,1053,1024,29,73728,18.6399,0.97246,0.0275404,0
wired,12,10,5,0,60,512,1,1,2681,2190,338,157680,66.9197,0.816859,0.126072,0
wired,12,10,10,0,60,512,1,1,4076,251,2964,18072,714.828,0.06158,0.727184,0
wired,12,10,15,0,60,512,1,1,6170,81,4941,5832,719.659,0.013128,0.80081,0
