Mode,Nodes,Flows,Pps,Speed_mps,SimTime_s,PacketSize_B,Seed,Run,DataTxPkts,DataRxPkts,DataLostPkts,Throughput_bps,AvgDelay_ms,PDR,DropRatio,EnergyConsumed_J
wired,12,5,5,0,60,512,1,1,1321,1197,73,86184,26.0449,0.906132,0.0552612,0
wired,12,10,5,0,60,512,1,1,2681,2190,338,157680,66.9197,0.816859,0.126072,0
wired,12,15,5,0,60,512,1,1,3718,719,2551,51768,546.356,0.193384,0.686122,0
wired,12,20,5,0,60,512,1,1,4889,440,3963,31680,764.946,0.089998,0.810595,0
wired,12,25,5,0,60,512,1,1,6275,243,4977,17496,696.555,0.0387251,0.793147,0
