Mode,Nodes,Flows,Pps,Speed_mps,SimTime_s,PacketSize_B,Seed,Run,DataTxPkts,DataRxPkts,DataLostPkts,Throughput_bps,AvgDelay_ms,PDR,DropRatio,EnergyConsumed_J
wired,20,20,100,0,60,512,1,1,1600,1524,76,109728,54.1159,0.9525,0.0475,0
wired,20,20,200,0,60,512,1,1,3222,3175,47,228600,12.3856,0.985413,0.0145872,0
wired,20,20,300,0,60,512,1,1,4722,3237,1275,233064,289.449,0.685515,0.270013,0
wired,20,20,400,0,60,512,1,1,6126,2993,2723,215496,353.408,0.488573,0.444499,0
wired,20,20,500,0,60,512,1,1,7772,2852,4487,205344,419.75,0.366958,0.577329,0
