Mode,Nodes,Flows,Pps,Speed_mps,SimTime_s,PacketSize_B,Seed,Run,DataTxPkts,DataRxPkts,DataLostPkts,Throughput_bps,AvgDelay_ms,PDR,DropRatio,EnergyConsumed_J
wireless,20,20,100,15,20,512,1,1,3447,2377,264,513432,6.17907,0.689585,0.0765883,338.634
wireless,20,20,200,15,20,512,1,1,6899,3735,922,806760,9.05519,0.541383,0.133643,342.463
wireless,20,20,300,15,20,512,1,1,10332,5517,1753,1.19167e+06,16.4812,0.533972,0.169667,343.549
wireless,20,20,400,15,20,512,1,1,13736,6447,2457,1.39255e+06,18.8052,0.469351,0.178873,345.656
wireless,20,20,500,15,20,512,1,1,16620,6270,4310,1.35432e+06,26.269,0.377256,0.259326,346.796
