Mode,Nodes,Flows,Pps,Speed_mps,SimTime_s,PacketSize_B,Seed,Run,DataTxPkts,DataRxPkts,DataLostPkts,Throughput_bps,AvgDelay_ms,PDR,DropRatio,EnergyConsumed_J
wireless,20,20,10,5,20,512,1,1,3452,2525,528,545400,4.18993,0.73146,0.152955,341.64
wireless,20,20,10,10,20,512,1,1,3334,1943,465,419688,3.90306,0.582783,0.139472,338.097
wireless,20,20,10,15,20,512,1,1,3447,2377,264,513432,6.17907,0.689585,0.0765883,338.634
wireless,20,20,10,20,20,512,1,1,3433,2188,580,472608,12.4415,0.637343,0.168948,340.473
wireless,20,20,10,25,20,512,1,1,3445,1927,670,416232,7.6412,0.559361,0.194485,338.469
