Mode,Nodes,Flows,Pps,Speed_mps,SimTime_s,PacketSize_B,Seed,Run,DataTxPkts,DataRxPkts,DataLostPkts,Throughput_bps,AvgDelay_ms,PDR,DropRatio,EnergyConsumed_J
wireless,20,30,30,15,20,512,1,1,15510,5246,4630,1.13314e+06,26.1362,0.338233,0.298517,346.201
wireless,40,30,30,15,20,512,1,1,15388,3790,5356,818640,12.6519,0.246296,0.348063,685.772
wireless,60,30,30,15,20,512,1,1,14567,512,6054,110592,3.47208,0.0351479,0.415597,1027.37
wireless,80,30,30,15,20,512,1,1,14091,1169,5299,252504,9.74727,0.0829608,0.376056,1357.48
wireless,100,30,30,15,20,512,1,1,13773,797,5215,172152,11.9729,0.0578668,0.378639,1703.45
