Mode,Nodes,Flows,Pps,Speed_mps,SimTime_s,PacketSize_B,Seed,Run,DataTxPkts,DataRxPkts,DataLostPkts,Throughput_bps,AvgDelay_ms,PDR,DropRatio,EnergyConsumed_J
wireless,20,10,30,15,20,512,1,1,4524,1824,707,393984,2.09425,0.403183,0.156278,337.945
wireless,20,20,30,15,20,512,1,1,10332,5517,1753,1.19167e+06,16.4812,0.533972,0.169667,343.549
wireless,20,30,30,15,20,512,1,1,15423,5552,3802,1.19923e+06,30.3903,0.359982,0.246515,346.641
wireless,20,40,30,15,20,512,1,1,20721,4938,6670,1.06661e+06,28.341,0.238309,0.321896,346.428
wireless,20,50,30,15,20,512,1,1,25587,3819,9584,824904,29.7912,0.149255,0.374565,346.181
