Mode,Nodes,Flows,Pps,Speed_mps,SimTime_s,PacketSize_B,Seed,Run,DataTxPkts,DataRxPkts,DataLostPkts,Throughput_bps,AvgDelay_ms,PDR,DropRatio,EnergyConsumed_J
wireless,20,20,100,15,20,512,1,1,3447,2377,264,513432,6.17907,0.689585,0.0765883,338.634
wireless,40,20,100,15,20,512,1,1,3381,953,1019,205848,17.9177,0.281869,0.30139,679.697
wireless,60,20,100,15,20,512,1,1,3375,818,1110,176688,11.2126,0.24237,0.328889,1010.64
wireless,80,20,100,15,20,512,1,1,3251,376,1260,81216,6.23689,0.115657,0.387573,1342.05
wireless,100,20,100,15,20,512,1,1,3186,361,1191,77976,12.7129,0.113308,0.373823,1680.03
