Mode,Nodes,Flows,Pps,Speed_mps,SimTime_s,PacketSize_B,Seed,Run,DataTxPkts,DataRxPkts,DataLostPkts,Throughput_bps,AvgDelay_ms,PDR,DropRatio,EnergyConsumed_J
wireless,20,10,100,15,20,512,1,1,1626,723,216,156168,4.97888,0.444649,0.132841,337.326
wireless,20,20,100,15,20,512,1,1,3447,2377,264,513432,6.17907,0.689585,0.0765883,338.634
wireless,20,30,100,15,20,512,1,1,5120,2863,669,618408,9.88874,0.55918,0.130664,341.485
wireless,20,40,100,15,20,512,1,1,6842,3110,1270,671760,18.8143,0.454545,0.185618,345.002
wireless,20,50,100,15,20,512,1,1,8494,3433,1879,741528,22.4623,0.404168,0.221215,345.001
