Mode,Nodes,Flows,Pps,Speed_mps,SimTime_s,PacketSize_B,Seed,Run,DataTxPkts,DataRxPkts,DataLostPkts,Throughput_bps,AvgDelay_ms,PDR,DropRatio,EnergyConsumed_J
wired,20,10,30,0,20,512,1,1,2579,16,1201,3456,780.631,0.00620396,0.465684,0
wired,20,20,30,0,20,512,1,1,5685,0,2550,0,0,0,0.448549,0
wired,20,30,30,0,20,512,1,1,13859,0,6164,0,0,0,0.444765,0
wired,20,10,30,0,20,512,1,1,2579,16,1201,3456,780.631,0.00620396,0.465684,0
wired,20,20,30,0,20,512,1,1,5685,0,2550,0,0,0,0.448549,0
wired,20,30,30,0,20,512,1,1,13859,0,6164,0,0,0,0.444765,0
wired,20,40,30,0,20,512,1,1,17097,0,7749,0,0,0,0.453237,0
wired,20,10,30,0,20,512,1,1,2579,16,1201,3456,780.631,0.00620396,0.465684,0
wired,20,20,30,0,20,512,1,1,5685,0,2550,0,0,0,0.448549,0
